<?xml version="1.0" encoding="UTF-8"?>
<beans xmlns="http://www.springframework.org/schema/beans"
	xmlns:xsi="http://www.w3.org/2001/XMLSchema-instance" xmlns:jaxws="http://cxf.apache.org/jaxws"
	xmlns:jaxrs="http://cxf.apache.org/jaxrs" xmlns:context="http://www.springframework.org/schema/context"
	xmlns:util="http://www.springframework.org/schema/util"
	xsi:schemaLocation="http://www.springframework.org/schema/beans http://www.springframework.org/schema/beans/spring-beans.xsd
	http://cxf.apache.org/jaxrs http://cxf.apache.org/schemas/jaxrs.xsd http://cxf.apache.org/jaxws http://cxf.apache.org/schemas/jaxws.xsd
	http://www.springframework.org/schema/context http://www.springframework.org/schema/context/spring-context-3.0.xsd
	http://www.springframework.org/schema/util http://www.springframework.org/schema/util/spring-util-2.0.xsd">

	<!-- to support Java-to-JSON and vice-versa conversion -->
	<bean id="jsonProvider" class="org.codehaus.jackson.jaxrs.JacksonJsonProvider" />

	<!-- to support Java-to-XML and vice-versa conversion -->
	<bean id="jaxbXmlProvider" class="org.apache.cxf.jaxrs.provider.JAXBElementProvider" />

	<!-- CXFServlet configured in web.xml sends requests here -->
	<jaxrs:server id="restContainer" address="/">
		<jaxrs:serviceBeans>
			<ref bean="playerService" />
		</jaxrs:serviceBeans>

		<jaxrs:extensionMappings>
			<entry key="json" value="application/json" /> <!-- use .json to get data in JSON format -->
			<entry key="xml" value="application/xml" />   <!-- use .xml to get data in XML format -->
		</jaxrs:extensionMappings>

		<jaxrs:providers>
			<ref bean="jsonProvider" />
			<ref bean="jaxbXmlProvider" />
		</jaxrs:providers>
	</jaxrs:server>
</beans>